{"cameraMode":{"drawMode":0,"name":"Shaded","section":"Shading Mode"},"sceneLighting":true,"audioPlay":false,"sceneViewState":{"m_AlwaysRefresh":false,"showFog":true,"showSkybox":true,"showFlares":true,"showImageEffects":true,"showParticleSystems":true,"showVisualEffectGraphs":true,"m_FxEnabled":true},"in2DMode":false,"pivot":{"x":0.7831687927246094,"y":-2.9911603927612306,"z":-11.975768089294434},"rotation":{"x":-0.07208778709173203,"y":-0.7146092653274536,"z":0.07444295287132263,"w":-0.6918255090713501},"size":28.37255096435547,"orthographic":false}