{"cameraMode":{"drawMode":0,"name":"Shaded","section":"Shading Mode"},"sceneLighting":true,"audioPlay":false,"sceneViewState":{"m_AlwaysRefresh":false,"showFog":true,"showSkybox":true,"showFlares":true,"showImageEffects":true,"showParticleSystems":true,"showVisualEffectGraphs":true,"m_FxEnabled":true},"in2DMode":false,"pivot":{"x":21.75981903076172,"y":3.8978443145751955,"z":-30.816173553466798},"rotation":{"x":0.06976979225873947,"y":0.6850100159645081,"z":-0.06617578864097595,"w":0.7221716046333313},"size":76.15738677978516,"orthographic":false}