{"cameraMode":{"drawMode":0,"name":"Shaded","section":"Shading Mode"},"sceneLighting":true,"audioPlay":false,"sceneViewState":{"m_AlwaysRefresh":false,"showFog":true,"showSkybox":true,"showFlares":true,"showImageEffects":true,"showParticleSystems":true,"showVisualEffectGraphs":true,"m_FxEnabled":true},"in2DMode":false,"pivot":{"x":-26.099563598632814,"y":13.592153549194336,"z":-1.7317900657653809},"rotation":{"x":-0.03802245855331421,"y":-0.7307652235031128,"z":0.040817562490701678,"w":-0.680368185043335},"size":11.890681266784668,"orthographic":false}